CAST_EiJ	MOLF_EiJ	PWK_PhJ	WSB_EiJ
87003605	CACAAACAA	CACAA	CACAAACAA	CACAAACAA
87007083	CAA	CA	CA	CAA
87021465	AT	ATTT	ATTT	AT
87022454	GAA	GAAAAA	GAAAAA	GA
87090218	GA	GAA	GA	GA
87140631	AGTGTGTGTGTGTGTGTGTGT	AGTGTGTGTGTGTGTGTGTGTGTGTGTGT	AGTGTGTGTGTGTGTGTGT	AGTGTGT
87174290	ATT	ATT	AT	ATT
87208297	TACACACACACACACACACACACAC	TACACACACACACACACACACACACACACAC	TACACACACACACACACAC	TACAC,TAC
87234550	GGTGT	GGGGCGTGTGTGTGTGTGTGTGTGT	GGTGTGTGTGT	GGTGT
8724965	GCCC	GCCC	GCCC	GCC
87252963	TATAC	TATAC	TATACATAC	TATACATAC
87424327	TA	TAAA	TA	TAAA
87449028	CT	CTT	CT	CT
8745779	GAAAA	GAA	GA	GA
87470255	GTTAT	GTTGT	GTTAT	GTTAT
87485814	TAAAAA	TAA	TAA	TAA
87504981	CAAA	CAAA	CAA	CAAA
87505704	GTT	GTT	GT	GT
87549239	TA	TA	TGATA	TGATA
87563461	GT	GT	GTT	GT
87595268	GCACACACACACACACA	GCACACACACACACACA	GCACACA	GCACACACA
87607539	ATTT	ATTT	ATTTCTTTTCTTT	ATT
87612058	ATTT	ATTTT	ATTTT	ATTT
87617369	CTT	CT	CTT	CTT
87650807	ATTTT	ATT	ATT	ATTTTT
87664907	AAATAAT	AAATAAT	AAAT	AAAT
87671864	GTTTATTTA	GTTTATTTA	GTTTATTTA	GTTTATTTATTTA
87685622	TAAAA	TAAAA	TA	TAAAA
8770761	GTTTTTTTTTTTTTTTT	GTTTTTTTTTTTTTTT	GTTTTTTTTTTTTTTT	GTTTTTTTTTTTTT
87762239	TAGATC	TAGATC	TGATA	TGATA
87780034	GCTCTCTCT,GCTCTCT	GCTCT,GCT	GCT	GCT
87796325	GGTGTGT	GGT	GGTGT,GGT	GGTGTGTGTGTGTGTGTGTGTGTGTGTGT
87811997	ATTT	ATTT	ATT	AT
87837871	ATT	ATT	ATT	AT
87843455	TAAAA	TAAAA	TAAAA	TAA
8786055	GTTT	GTTTT	GTTT	GGT
8786951	AATAT	AATAT	AATAT	AAT
87883102	TG	TGGG	TG	TG
8789391	GAGAC	GAGAC	GAGAC	GAGAT
87974316	CGG	CGGG	CGG	CG
88025730	GCCCC	GCC	GC	GC
8804519	TCCC	TCCC	TC	TC
8804625	TAA	TAAA	TAA	TAA
8808169	AAACAACAACAAC	AAACAAC	AAAC	AAACAAC
8808323	GAAAAA	GAA	GAA	GA
88095131	TAA	TA	TA	TA
8810693	GTTTTTTT	GTTTTT	GTTTTTTT	GTTTTTTTTTTTT
88185438	CAAA	CAAAA	CAAAAA	CAA
88241701	AT	AGT	AGTT	AT
8829326	CTTTTTT	CTTTTTTT	CTTTTT	CTTTTTT
88293873	TTTTC	TTC	TC	TCC
88295191	GTTTTTT	GT	GT	GGTTTTT,GGTTTT
88296368	ATT	ATT	ATT	AT
88306907	AT	ATT	ATT	ATT
8832534	GA	GA	GAA	GA
88328781	GA	GAA	GAA	GA
8833070	TCACACACACACA	TCACACACACACA	TCACACACACACA	TCACACACACACACATA
88335068	TTATGTATGTATGTATGTATG	TTATGTATG	TTATG	TTATGTATG
88338699	CT	CTT	CTTT	CT
88347785	GGTTGTTGTT	GGTTGTTGTTGTT,GGGTGTTGTT	GGTTGTTGTT	GGTTGTT
88351534	TAA	TA	TA	TA
88365987	TG	TGATG	TGATG	TGATG
88368717	AAAAGG	AAAGG	AAAGG	AAAGG
88369077	GTTTTT	GT	GT	GTTTTT
88401668	TAA	TAA	TA	TA
88406507	AT	ATT	ATT	AT
88408676	TATAC	TATAC	TATAC	TACAC
88437003	CTTTTTTTTTTTTT	CTTTTTTTT	CTTTTT	CTTTTTTTTTTTT
88441919	CTTT	CT	CTT	CT
88460589	GTCC	GTCCTCC	GTCCTCC	GTCC
88523778	TAAAC	TAAAC	TAAACAAAC	TAAAC
88533545	TCA	TCA	TCA	TCTCTCTCTCA,TCTCTCTCA
88538370	TTTGTTGTTG	TTTG	TTTG	TTTG
88600166	CA	CA	CA	CCA
88600399	TACAACAACAACAACAACA	TACAACAACAACAACAACA	TACAACAACAACAACAACA	TACAACA
88603638	TGGGGGG	TGGG	TGGG	TG
8861010	GATATAT	GATATATAT	GATATAT	GATATAT
88637634	GAAAA	GAAAAAA	GAAAAAA	GAAA
88650344	GTGT	GTGT	GTGT	GTATTGTTGT
88684152	AC	AC	ACC	AC
88816780	TTAG	TTTGTG,TTTG	TTTGTG,TTTG	TTAGTGTGTGTGTGTGTG
88834132	ATGTG,ATG	ATGTGTGTGTGTG	ATGTGTGTGTG	ATGTG,ATG
88867048	GTTTT	GTTTT	GTTT	GT
88888011	TAAA	TAA	TAA	TA
88940483	GGA	GGA	GA	GA
88950640	AT	AT	AT	ATT
88969223	TGTCA	TGTCA	TATCA	TATCA
8897339	CAA	CT	CT	CAA
88990812	GTTTTTT,GTTTTT	GT	GTT	GT
8899193	GAAAA	GAAA	GAA	GAAA
89081339	GAAAAAAAA	GAAAAAAAAAAAAAAA	GAAAAAAAAAAAAAAA	GAAA
8908305	TA	TA	TA	TAA
89084486	GGTGTGTGT,GGTGTGT	GGTGTGTGT	GGTGTGTGTGTGTGTGT	GGT
89092803	ATTTT	ATTTTT	ATTTTTTTT	ATTT
89115254	CTT	CTT	CTT	CT
89160235	GCACACA	GCACACACACA	GCACACACACA	GCACACACACA
89168043	CAAAAAA	CAAAAAA	CAAAAAAA	CAA
8921772	TAACA	TAACA	TAACA	TAACACC
89229716	ATTT	ATTTTT	ATTTTT	AT
89231167	GAAAAA	GAAAAA	GAAAAA	GA
